ply_no,start,end,length_m,no_of_ply,item_number,item_description,packing_list
93,28.4,48.5,20.1,1-DW,,,LM65.4 2P - REINFORCEMENT PACKING LIST - DW BEFORE
94,45,65.433,20.433,1-DW,,,LM65.4 2P - REINFORCEMENT PACKING LIST - DW BEFORE
7841,30.8,42.6,11.8,1-DW,100007,UNIAXIAL 661 80CM(1),LM65.4 2P - REINFORCEMENT PACKING LIST - DW BEFORE
7840,36.6,40.4,3.8,1-DW,,,LM65.4 2P - REINFORCEMENT PACKING LIST - DW BEFORE
7842,36.8,40.2,3.4,1-DW,,,LM65.4 2P - REINFORCEMENT PACKING LIST - DW BEFORE
7844,52.1,53.2,1.1,1-DW,,,LM65.4 2P - REINFORCEMENT PACKING LIST - DW BEFORE
88,48.3,65.433,17.133,1-DW,092507,TRIAXIAL 440 (±45°/0°) 30CM(2),LM65.4 2P - REINFORCEMENT PACKING LIST - DW BEFORE
98,4.3,17.8,13.5,1-DW,,,LM65.4 2P - REINFORCEMENT PACKING LIST - DW BEFORE
99,4.7,17.5,12.8,1-DW,,,LM65.4 2P - REINFORCEMENT PACKING LIST - DW BEFORE
100,5.1,17.2,12.1,1-DW,,,LM65.4 2P - REINFORCEMENT PACKING LIST - DW BEFORE
101,5.5,16.8,11.3,1-DW,,,LM65.4 2P - REINFORCEMENT PACKING LIST - DW BEFORE
123,47.4,65.433,18.033,1-DW,,,LM65.4 2P - REINFORCEMENT PACKING LIST - DW BEFORE
5479,38.5,62.9,24.4,1-DW,98207,UNIAXIAL 1322 40CM (3),LM65.4 2P - REINFORCEMENT PACKING LIST - DW BEFORE
5480,38.9,60.7,21.8,1-DW,,,LM65.4 2P - REINFORCEMENT PACKING LIST - DW BEFORE
5481,38.3,60.1,21.8,1-DW,,,LM65.4 2P - REINFORCEMENT PACKING LIST - DW BEFORE
5482,38.1,58.7,20.6,1-DW,,,LM65.4 2P - REINFORCEMENT PACKING LIST - DW BEFORE
5483,37.7,59.1,21.4,1-DW,,,LM65.4 2P - REINFORCEMENT PACKING LIST - DW BEFORE
5484,37.3,57.9,20.6,1-DW,,,LM65.4 2P - REINFORCEMENT PACKING LIST - DW BEFORE
5485,36.9,57.5,20.6,1-DW,,,LM65.4 2P - REINFORCEMENT PACKING LIST - DW BEFORE
5486,36.5,56.3,19.8,1-DW,,,LM65.4 2P - REINFORCEMENT PACKING LIST - DW BEFORE
96,3.3,11.5,8.2,1-DW,,,LM65.4 2P - REINFORCEMENT PACKING LIST - DW BEFORE
1096,11.4,19.4,8,1-DW,,,LM65.4 2P - REINFORCEMENT PACKING LIST - DW BEFORE
97,3.9,18.4,14.5,1-DW,,,LM65.4 2P - REINFORCEMENT PACKING LIST - DW BEFORE
102,5.9,16,10.1,1-DW,,,LM65.4 2P - REINFORCEMENT PACKING LIST - DW BEFORE
103,6.5,15.4,8.9,1-DW,,,LM65.4 2P - REINFORCEMENT PACKING LIST - DW BEFORE
104,6.9,14.8,7.9,1-DW,,,LM65.4 2P - REINFORCEMENT PACKING LIST - DW BEFORE
105,7.5,14.4,6.9,1-DW,,,LM65.4 2P - REINFORCEMENT PACKING LIST - DW BEFORE
106,7.7,13.8,6.1,1-DW,,,LM65.4 2P - REINFORCEMENT PACKING LIST - DW BEFORE
107,8.1,13.2,5.1,1-DW,,,LM65.4 2P - REINFORCEMENT PACKING LIST - DW BEFORE
108,19.3,34.5,15.2,1-DW,,,LM65.4 2P - REINFORCEMENT PACKING LIST - DW BEFORE
1108,34.4,47.7,13.3,1-DW,,,LM65.4 2P - REINFORCEMENT PACKING LIST - DW BEFORE
109,18.3,32.6,14.3,1-DW,,,LM65.4 2P - REINFORCEMENT PACKING LIST - DW BEFORE
1109,32.5,41.1,8.6,1-DW,,,LM65.4 2P - REINFORCEMENT PACKING LIST - DW BEFORE
110,17.7,32.3,14.6,1-DW,,,LM65.4 2P - REINFORCEMENT PACKING LIST - DW BEFORE
1110,32.2,38.9,6.7,1-DW,100307,UNIAXIAL 1322 60CM(4),LM65.4 2P - REINFORCEMENT PACKING LIST - DW BEFORE
111,17.1,31.3,14.2,1-DW,,,LM65.4 2P - REINFORCEMENT PACKING LIST - DW BEFORE
1111,31.2,38.4,7.2,1-DW,,,LM65.4 2P - REINFORCEMENT PACKING LIST - DW BEFORE
112,16.7,29.8,13.1,1-DW,,,LM65.4 2P - REINFORCEMENT PACKING LIST - DW BEFORE
1112,29.7,38.2,8.5,1-DW,,,LM65.4 2P - REINFORCEMENT PACKING LIST - DW BEFORE
113,15.9,29.4,13.5,1-DW,,,LM65.4 2P - REINFORCEMENT PACKING LIST - DW BEFORE
1113,29.3,36.9,7.6,1-DW,,,LM65.4 2P - REINFORCEMENT PACKING LIST - DW BEFORE
114,15.3,27.5,12.2,1-DW,,,LM65.4 2P - REINFORCEMENT PACKING LIST - DW BEFORE
1114,27.4,36.3,8.9,1-DW,,,LM65.4 2P - REINFORCEMENT PACKING LIST - DW BEFORE
115,14.7,25.3,10.6,1-DW,,,LM65.4 2P - REINFORCEMENT PACKING LIST - DW BEFORE
1115,25.2,34.1,8.9,1-DW,,,LM65.4 2P - REINFORCEMENT PACKING LIST - DW BEFORE
116,14.3,24.4,10.1,1-DW,,,LM65.4 2P - REINFORCEMENT PACKING LIST - DW BEFORE
1116,24.3,32.8,8.5,1-DW,,,LM65.4 2P - REINFORCEMENT PACKING LIST - DW BEFORE
117,13.7,22.7,9,1-DW,,,LM65.4 2P - REINFORCEMENT PACKING LIST - DW BEFORE
1117,22.6,31.5,8.9,1-DW,,,LM65.4 2P - REINFORCEMENT PACKING LIST - DW BEFORE
1118,13.1,29.3,16.2,1-DW,,,LM65.4 2P - REINFORCEMENT PACKING LIST - DW BEFORE
119,9.5,24.9,15.4,1-DW,,,LM65.4 2P - REINFORCEMENT PACKING LIST - DW BEFORE
120,9.9,22.1,12.2,1-DW,100407,UNIAXIAL 1322 80CM(5),LM65.4 2P - REINFORCEMENT PACKING LIST - DW BEFORE
121,10.2,16.2,6,1-DW,,,LM65.4 2P - REINFORCEMENT PACKING LIST - DW BEFORE
122,10.4,14.1,3.7,1-DW,,,LM65.4 2P - REINFORCEMENT PACKING LIST - DW BEFORE
